{"frequency info": {"y-data": [0.0116900583575989, 0.001928640303040832, 7.503808871508223e-06, 1.5667316299599408e-06, 4.036398863565227e-05, 3.2201904996263746e-05, 7.974412665873275e-05, 0.00012615983688298997, 0.0006616056886524381, 9.474572095493398e-05, 0.000820278975898393, 8.62849007919216e-06, 2.931383414817991e-05, 0.0007130130565087783, 0.0005869961352076321, 0.0003405797789043327, 1.8468774789880203e-05, 0.0002262653111284415, 0.0005861498949507161, 3.144251998385374e-05, 9.976349107320323e-05, 0.0005202899131120736, 0.00025786174569693396, 0.00035069082343777827, 0.0002127144302526547, 0.00013907172940579366, 3.627090347179063e-05, 0.0003263182977355089, 0.0006246922524484426, 0.00043115609721754394, 0.0004957955949596369, 0.0012071026424182207, 7.31417050061078e-05, 0.0005716564914985756, 9.407646472646855e-06, 2.7402874742561066e-05, 3.293960431868676e-06, 0.0006772371250372796, 5.401074011677385e-05, 0.0003747710225083502, 0.00107421004914272, 0.001079789028912832, 3.2213806626558e-05, 0.0005326943232240467, 0.0003859684358554325, 9.671833879291427e-05, 0.0001098291915549672, 7.075318297948266e-05, 0.00011558580617009692, 0.0001309097146191561, 0.0007160033215665217, 0.00021616295343323885, 0.0012017398927066394, 8.241562178250275e-05, 0.00028179992307272313, 8.712211861422453e-05, 9.719758141527172e-05, 0.0002613756891186996, 0.0004433053032461455, 0.0006204123589703378, 0.0008987358284193192, 0.00038162264295261365, 0.0005058227637426945, 9.164179529061955e-05, 0.00021450768578220182, 0.0002064545980782665, 0.0006700938143424096, 0.0003498728735380218, 0.0003638843755611892, 0.00019646785562970644, 0.00014239072105765512, 0.000304418557908782, 0.0004976902682234411, 0.0001368039384093796, 0.0013943165415178425, 0.000177372865937306, 0.0002211460816189264, 0.00022129954599833308, 0.0011675221727903062, 0.000901890232773494, 0.0005274394904445433], "x-data": [0.0, 100.0, 200.0, 300.0, 400.0, 500.0, 600.0, 700.0, 800.0, 900.0, 1000.0, 1100.0, 1200.0, 1300.0, 1400.0, 1500.0, 1600.0, 1700.0, 1800.0, 1900.0, 2000.0, 2100.0, 2200.0, 2300.0, 2400.0, 2500.0, 2600.0, 2700.0, 2800.0, 2900.0, 3000.0, 3100.0, 3200.0, 3300.0, 3400.0, 3500.0, 3600.0, 3700.0, 3800.0, 3900.0, 4000.0, 4100.0, 4200.0, 4300.0, 4400.0, 4500.0, 4600.0, 4700.0, 4800.0, 4900.0, 5000.0, 5100.0, 5200.0, 5300.0, 5400.0, 5500.0, 5600.0, 5700.0, 5800.0, 5900.0, 6000.0, 6100.0, 6200.0, 6300.0, 6400.0, 6500.0, 6600.0, 6700.0, 6800.0, 6900.0, 7000.0, 7100.0, 7200.0, 7300.0, 7400.0, 7500.0, 7600.0, 7700.0, 7800.0, 7900.0, 8000.0], "z-data": [0.0, 0.0, 0.0, 0.0, 0.0, 0.0, 0.0, 0.0, 0.0, 0.0, 0.0, 0.0, 0.0, 0.0, 0.0, 0.0, 0.0, 0.0, 0.0, 0.0, 0.0, 0.0, 0.0, 0.0, 0.0, 0.0, 0.0, 0.0, 0.0, 0.0, 0.0, 0.0, 0.0, 0.0, 0.0, 0.0, 0.0, 0.0, 0.0, 0.0, 0.0, 0.0, 0.0, 0.0, 0.0, 0.0, 0.0, 0.0, 0.0, 0.0, 0.0, 0.0, 0.0, 0.0, 0.0, 0.0, 0.0, 0.0, 0.0, 0.0, 0.0, 0.0, 0.0, 0.0, 0.0, 0.0, 0.0, 0.0, 0.0, 0.0, 0.0, 0.0, 0.0, 0.0, 0.0, 0.0, 0.0, 0.0, 0.0, 0.0, 0.0]}, "soundcheck info": {"x unit": "Hz", "z unit": "deg", "y unit": "dB", "curve name": "Coherence", "filename": "Mic1Mic2_CBD"}}